{
  "version": 1,
  "author": "Iam",
  "editor": "wokwi",
  "parts": [
    {
      "type": "board-esp32-devkit-c-v4",
      "id": "esp",
      "top": 48,
      "left": -196.76,
      "attrs": { "env": "micropython-20231227-v1.22.0" }
    },
    {
      "type": "wokwi-membrane-keypad",
      "id": "keypad1",
      "top": -136.4,
      "left": -42.4,
      "attrs": {}
    },
    {
      "type": "board-ssd1306",
      "id": "oled1",
      "top": -83.26,
      "left": -191.77,
      "attrs": { "i2cAddress": "0x3c" }
    }
  ],
  "connections": [
    [ "esp:TX", "$serialMonitor:RX", "", [] ],
    [ "esp:RX", "$serialMonitor:TX", "", [] ],
    [ "oled1:VCC", "esp:3V3", "red", [ "h-47.85", "v153.6" ] ],
    [ "oled1:GND", "esp:GND.1", "black", [ "h-38.4", "v278.4" ] ],
    [ "oled1:SCL", "esp:22", "green", [ "h48.3", "v172.8" ] ],
    [ "oled1:SDA", "esp:21", "blue", [ "h38.47", "v201.6" ] ],
    [ "keypad1:R1", "esp:13", "orange", [] ],
    [ "keypad1:R2", "esp:12", "orange", [] ],
    [ "keypad1:R3", "esp:14", "orange", [] ],
    [ "keypad1:R4", "esp:27", "orange", [] ],
    [ "keypad1:C1", "esp:26", "purple", [] ],
    [ "keypad1:C2", "esp:25", "purple", [] ],
    [ "keypad1:C3", "esp:33", "purple", [] ],
    [ "keypad1:C4", "esp:32", "purple", [] ]
  ],
  "dependencies": {}
}